company_area,company_contact_mail,company_desc,company_location,company_name,company_phone,company_website
ODTU TEKNOKENT,,,Ankara,3DTİM ELEKTRONİK ANONİM ŞİRKETİ,,http://www.3dtim.com
ODTU TEKNOKENT,,,Ankara,3Y TEKNOLOJİ YAZILIM DONANIM BİLİŞİM ELEKTRONİK DANIŞMANLIK EĞİTİM SANAYİ VE TİCARET LİMİTED ŞİRKETİ,,http://www.3yteknoloji.com.tr
ODTU TEKNOKENT,,,Ankara,Abis Teknoloji Ltd. Şti.,,http://www.abisteknoloji.com.tr
ODTU TEKNOKENT,,,Ankara,ACCELERATE Simülasyon Bilişim Teknolojileri Mühendislik Danışmanlık A.Ş.,,http://uoguztr.wixsite.com/accelerate
ODTU TEKNOKENT,,,Ankara,Acıbadem Teknoloji A.Ş.,,http://www.acibademtechnology.com/
ODTU TEKNOKENT,,,Ankara,ACRUX DİJİTAL TEKNOLOJİ A.Ş,,http://acruxco.com/
ODTU TEKNOKENT,,,Ankara,ADASOFT DANIŞMANLIK VE YAZILIM HİZMETLERİ TİCARET LİMİTED ŞİRKETİ,,http://www.adasoft.com.tr
ODTU TEKNOKENT,,,Ankara,ADDPARK İleri Mühendislik Teknolojileri A.Ş.,,http://www.btech.com.tr
ODTU TEKNOKENT,,,Ankara,ADESSO TURKEY BİLGİ TEKNOLOJİLERİ LİMİTED ŞİRKETİ,,http://www.adesso.com.tr
ODTU TEKNOKENT,,,Ankara,ADVANCER YAZILIM BİLGİSAYAR DANIŞMANLIK LİMİTED ŞİRKETİ,,http://advancerenglish.com
ODTU TEKNOKENT,,,Ankara,AEON GAME OYUN STÜDYO YAZILIM VE ANİMASYON ANONİM ŞİRKETİ,,http://www.aeon.gs
ODTU TEKNOKENT,,,Ankara,AEROMS MÜHENDİSLİK DANIŞMANLIK YAZILIM HİZMETLERİ SAN. VE TİC. A.Ş.,,http://www.aeroms.net
ODTU TEKNOKENT,,,Ankara,AEROTİM MÜHENDİSLİK YAZILIM VE DANIŞMANLIK SANAYİ TİCARET LİMİTED ŞİRKETİ,,http://www.aerotim.com.tr
ODTU TEKNOKENT,,,Ankara,Agcurate Bilgi Teknolojileri Anonim Şirketi,,http://www.agcurate.com
ODTU TEKNOKENT,,,Ankara,AGE BİLGİSAYAR SİSTEM OTOMASYON FAALİYETLERİ SANAYİ VE TİCARET LİMİTED ŞİRKETİ,,http://www.agebilisim.com
ODTU TEKNOKENT,,,Ankara,Agrimetre Yazılım ve Danışmanlık Ltd. Şti,,http://agrimetre.com/
ODTU TEKNOKENT,,,Ankara,AGROVİSİO TARIM BİLİŞİM LİMİTED ŞİRKETİ,,http://www.agrovisio.com.tr
ODTU TEKNOKENT,,,Ankara,AIMTECH ELEKTRONİK TASARIM ÜRETİM SAVUNMA BİLİŞİM İNŞAAT ARAŞTIRMA GELİŞTİRME HİZMETLERİ İTHALAT İHRACAT SANAYİ TİCARET LİMİTED ŞİRKETİ,,http://www.aimtech.com.tr
ODTU TEKNOKENT,,,Ankara,AINTSOFT BİLİŞİM TEKNOLOJİLERİ DANIŞMANLIK TİCARET LİMİTED ŞİRKETİ,,http://aintsoft.com
ODTU TEKNOKENT,,,Ankara,AIX TEKNOLOJİ VE YAZILIM LİMİTED ŞİRKETİ,,
ODTU TEKNOKENT,,,Ankara,AKAKÇE BİLGİ TEKNOLOJİLERİ SANAYİ VE TİCARET ANONİM ŞİRKETİ,,http://akakce.com
ODTU TEKNOKENT,,,Ankara,ALCHEMY SMART BİLGİ TEKNOLOJİLERİ SAN. VE TİC. LTD. ŞTİ.,,http://www.alchemy.com.tr
ODTU TEKNOKENT,,,Ankara,ALİCTUS YAZILIM ANONİM ŞİRKETİ,,http://www.alictus.com
ODTU TEKNOKENT,,,Ankara,ALLCHEMY Kimya Sanayi ve Ticaret Limited Şirketi,,http://www.odtuteknokent.com.tr/firma/allchemy
ODTU TEKNOKENT,,,Ankara,Alp Görüntüleme ve Medikal Sistemleri Anonim Şirketi,,http://www.alpimaging.com
ODTU TEKNOKENT,,,Ankara,ALYO BİLİŞİM A.Ş.,,http://www.alyo.com.tr
ODTU TEKNOKENT,,,Ankara,AMP YAZILIM SANAYİ VE TİCARET LİMİTED ŞİRKETİ ANKARA ŞUBESİ,,http://www.ampyazilim.com.tr
ODTU TEKNOKENT,,,Ankara,ANAYURT SAVUNMA VE TEKNOLOJİ  LİMİTED ŞİRKETİ,,http://www.anayurtteknoloji.com
ODTU TEKNOKENT,,,Ankara,ANDAR ELEKTROMEKANİK SİSTEMLER SANAYİ VE TİCARET ANONİM ŞİRKETİ,,http://www.andar.com.tr
ODTU TEKNOKENT,,,Ankara,ANGO YAPAY ZEKA TEKNOLOJİ ANONİM ŞİRKETİ,,http://ango.ai
ODTU TEKNOKENT,,,Ankara,ANKAREF İNOVASYON VE TEKNOLOJİ ANONİM ŞİRKETİ,,http://www.ankaref.com
ODTU TEKNOKENT,,,Ankara,ANKETEK ELEKTRONİK TEKNOLOJİ TİCARET VE SANAYİ LİMİTED ŞİRKETİ,,http://www.anketek.com.tr
ODTU TEKNOKENT,,,Ankara,ANOVA ARGE TEKNOLOJİLERİ SANAYİ VE TİCARET ANONİM ŞİRKETİ,,http://www.anova.com.tr
ODTU TEKNOKENT,,,Ankara,Arçelik Anonim Şirketi,,http://www.arcelikas.com.tr/Cultures/tr-TR/?Language=tr-TR
ODTU TEKNOKENT,,,Ankara,ARDİC ARAŞTIRMA GELİŞTİRME LTD. ŞTİ.,,http://www.ardiclabs.com
ODTU TEKNOKENT,,,Ankara,Arduvaz Mühendislik Sanayi ve Ticaret Limited Şirketi,,http://www.arduvaz.com.tr
ODTU TEKNOKENT,,,Ankara,ARF BİLGİ TEKNOLOJİLERİ YAZILIM EĞİTİM VE DANIŞMANLIK HİZMETLERİ TİCARET LİMİTED ŞİRKETİ,,http://www.arf-bt.com
ODTU TEKNOKENT,,,Ankara,ARGEDOR BİLİŞİM TEKNOLOJİLERİ SANAYİ VE TİCARET A.Ş.,,http://www.argedor.com
ODTU TEKNOKENT,,,Ankara,ARGELA YAZILIM VE BİLİŞİM TEKNOLOJİLERİ SANAYİ VE TİCARET A.Ş.-ODTÜ ŞUBESİ,,http://www.argela.com.tr
ODTU TEKNOKENT,,,Ankara,ARGENÇ ELEKTRİK ELEKTRONİK SİSTEMLER YAZILIM SANAYİ VE TİCARET LİMİTED ŞİRKETİ,,http://www.argenc.com.tr
ODTU TEKNOKENT,,,Ankara,ARGOSAİ TEKNOLOJİ ANONİM ŞİRKETİ,,http://www.argosai.com
ODTU TEKNOKENT,,,Ankara,ARLENTUS KONTROL ELEKTRONİK ELEKTRİK BİLG. YAZ. SAN. TİC. A.Ş.,,http://www.arlentus.com
ODTU TEKNOKENT,,,Ankara,Arleon Bilgi İletişim Siber Güvenlik Yazılım Teknolojileri Arge ve Ticaret Limited Şirketi,,http://www.arleon.com.tr
ODTU TEKNOKENT,,,Ankara,ARMAKOM BİLİŞİM TEKNOLOJİLERİ A.Ş.,,http://www.armakom.com
ODTU TEKNOKENT,,,Ankara,ARMON TEKNOLOJİ A.Ş.,,http://www.armongate.com
ODTU TEKNOKENT,,,Ankara,Arpanet Bilişim Teknolojileri Anonim Şirketi,,http://arpanet.com.tr
ODTU TEKNOKENT,,,Ankara,ARTIOX TEKNOLOJİ YAZILIM A.Ş.,,http://www.artiox.com
ODTU TEKNOKENT,,,Ankara,ARVENTO MOBİL SİSTEMLER A.Ş.,,http://www.arvento.com
ODTU TEKNOKENT,,,Ankara,AS BİYOTEKNOLOJİ SANAYİ VE TİCARET ANONİM ŞİRKETİ,,http://kybelesgarden.com
ODTU TEKNOKENT,,,Ankara,ASELSAN ELEKTRONİK SANAYİ VE TİCARET ANONİM ŞİRKETİ,,http://www.aselsan.com.tr
ODTU TEKNOKENT,,,Ankara,Asisguard Savunma Sanayi Ticaret A.Ş.,,http://asisguard.com.tr/
ODTU TEKNOKENT,,,Ankara,Aspilsan Enerji Sanayi ve Ticaret AŞ,,http://www.aspilsan.com
ODTU TEKNOKENT,,,Ankara,ATARGET BİLİŞİM EĞİTİM DANIŞMANLIK ARAŞTIRMA GELİŞTİRME MÜHENDİSLİK SANAYİ VE TİCARET LİMİTED ŞİRKETİ,,http://www.atarget.com.tr
ODTU TEKNOKENT,,,Ankara,ATOMBİR ENERJİ TEKNOLOJİLERİ LABORATUVAR KİMYA BİLİŞİM YAZILIM OTOMASYON İLETİŞİM ELEKTRİK ELEKTRONİK LİMİTED ŞİRKETİ,,http://www.atombir.com
ODTU TEKNOKENT,,,Ankara,Atos Bilişim ve Danışmanlık A.Ş.,,http://www.atos.net
ODTU TEKNOKENT,,,Ankara,AURVİS BİLİŞİM YAZILIM DANIŞMANLIK ARAŞTIRMA GELİŞTİRME TİCARET LİMİTED ŞİRKETİ,,http://www.aurvis.com
ODTU TEKNOKENT,,,Ankara,AVCR Bilgi Teknolojileri A.S.,,http://www.pixerylabs.com
ODTU TEKNOKENT,,,Ankara,AVEZ ELEKTRONİK İLETİŞİM EĞİTİM DANIŞMANLIĞI TİCARET ANONİM ŞİRKETİ,,http://www.enocta.com
ODTU TEKNOKENT,,,Ankara,AYDIN YAZILIM VE ELEKTRONİK SANAYİ ANONİM ŞİRKETİ,,http://www.ayesas.com
ODTU TEKNOKENT,,,Ankara,AYYAZILIM ELEKTRONİK BİLGİSAYAR MEDİKAL İNŞAAT SANAYİ VE TİCARET LİMİTED ŞİRKETİ,,http://www.ayyazilim.com.tr
ODTU TEKNOKENT,,,Ankara,BAMA TEKNOLOJİ TIBBİ CİHAZLAR DANIŞMANLIK SAĞLIK BİLİŞİM SANAYİ VE TİCARET LİMİTED ŞİRKETİ,,http://www.bamateknoloji.com
ODTU TEKNOKENT,,,Ankara,BAŞARSOFT BİLGİ TEKNOLOJİLERİ ANONİM ŞİRKETİ,,http://www.basarsoft.com.tr
ODTU TEKNOKENT,,,Ankara,BBT BEDEN BEYİN TEKNOLOJİLERİ VE BİLİŞİM A.Ş.,,http://www.bbtbilisim.com.tr
ODTU TEKNOKENT,,,Ankara,BEAM TEKNOLOJİ ANONİM ŞİRKETİ,,http://www.beamteknoloji.com
ODTU TEKNOKENT,,,Ankara,Beefull Enerji Teknolojileri A.Ş.,,http://www.beefull.com
ODTU TEKNOKENT,,,Ankara,Beholder Entertainment Yazılım Oyun Teknolojileri Ticaret Anonim Şirketi,,http://
ODTU TEKNOKENT,,,Ankara,Beren Yazılım Bilişim Tic. San. Ltd. Şti,,http://beren.studio/
ODTU TEKNOKENT,,,Ankara,Bertec Mühendislik Limited Şirketi,,http://www.bertec.com
ODTU TEKNOKENT,,,Ankara,Berzah Games Oyun Sanal Gerçeklik Animasyon Yazılım A.Ş.,,http://www.berzahgames.com
ODTU TEKNOKENT,,,Ankara,BIONOME İNOVASYON VE TEKNOLOJİ LİMİTED ŞİRKETİ,,
ODTU TEKNOKENT,,,Ankara,BİAS MÜHENDİSLİK LİMİTED ŞİRKETİ,,http://www.bias.com.tr
ODTU TEKNOKENT,,,Ankara,Biligoba Teknoloji Ltd. Şti.,,http://www.biligoba.com
ODTU TEKNOKENT,,,Ankara,BİLİMSU MÜHENDİSLİK DANIŞMANLIK YAZILIM HİZMETLERİ SANAYİ VE TİCARET LİMİTED ŞİRKETİ,,http://www.bilimsu.com.tr
ODTU TEKNOKENT,,,Ankara,Binalyze Yazılım A.Ş.,,http://binalyze.com
ODTU TEKNOKENT,,,Ankara,BİNOM HİGHEND MÜHENDİSLİK ANONİM ŞİRKETİ,,http://
ODTU TEKNOKENT,,,Ankara,Bionova Biyoteknoloji Anonim Şirketi,,http://www.bionovatech.co
ODTU TEKNOKENT,,,Ankara,BİOSYS BİYOMEDİKAL MÜHENDİSLİK SANAYİ VE TİCARET ANONİM ŞİRKETİ,,http://www.biosys.com.tr
ODTU TEKNOKENT,,,Ankara,BİTES SAVUNMA HAVACILIK VE UZAY TEKNOLOJİLERİ YAZILIM ELEKTRONİK TİCARET A.Ş,,http://www.bites.com.tr
ODTU TEKNOKENT,,,Ankara,BİYOMOD BİYOMEDİKAL MODÜL ÇÖZÜMLERİ BİLİŞİM ELEKTRONİK SANAYİ VE TİCARET LİMİTED ŞİRKETİ,,http://www.biyomod.com.tr
ODTU TEKNOKENT,,,Ankara,Blok-Z Bilişim Teknolojileri AŞ,,http://www.blok-z.com
ODTU TEKNOKENT,,,Ankara,BREATHALL TASARIM MÜHENDİSLİK YAZILIM BİLİŞİM DANIŞMANLIK SANAYİ VE TİCARET LİMİTED ŞİRKETİ,,
ODTU TEKNOKENT,,,Ankara,Bridgewiz Mühendislik İnşaat Yazilim ArGe A.Ş.,,http://www.bridgewiz.com
ODTU TEKNOKENT,,,Ankara,Btech İleri Mühendislik Teknolojileri A.Ş.,,http://www.btech.com.tr/
ODTU TEKNOKENT,,,Ankara,BTS Kurumsal Bilişim Teknolojileri A.Ş.,,http://btsgrp.com/
ODTU TEKNOKENT,,,Ankara,BUGFIX GAMES ENTERTAINMENT TEKNOLOJİ A.Ş.,,http://bugfix.games
ODTU TEKNOKENT,,,Ankara,BÜYÜTECH TEKNOLOJİ SANAYİ VE TİCARET ANONİM ŞİRKETİ,,http://www.buyutech.com.tr
ODTU TEKNOKENT,,,Ankara,CARBON HEALTH TECHNOLOGIES INC MERKEZI AMERIKA BIRLESIK DEVLETLERI ANKARA MERKEZ SUBESI,,http://
ODTU TEKNOKENT,,,Ankara,CATCHY YAZILIM LİMİTED ŞİRKETİ,,http://catchy.games
ODTU TEKNOKENT,,,Ankara,Champy Games Oyun Yazılım ve Pazarlama A.Ş.,,http://www.champygames.com
ODTU TEKNOKENT,,,Ankara,CHEF GAME STUDİO YAZILIM TEKNOLOJİLERİ LİMİTED ŞİRKETİ,,http://www.chef.gs
ODTU TEKNOKENT,,,Ankara,CHEMCODE BİYOTEKNOLOJİ YAZILIM MÜHENDİSLİK  SANAYİ TİCARET ANONİM ŞİRKETİ,,
ODTU TEKNOKENT,,,Ankara,CS TECH BİLİŞİM LTD. ŞTİ,,http://www.cstech.com.tr
ODTU TEKNOKENT,,,Ankara,CY Enerji Limited Şirketi,,http://www.cyenerji.com
ODTU TEKNOKENT,,,Ankara,CYBERTECH AR-GE LİMİTED ŞİRKETİ,,http://cybertech.com.tr
ODTU TEKNOKENT,,,Ankara,CYBERWİSE SİBER GÜVENLİK TİCARET ANONİM ŞİRKETİ,,http://www.cyberwise.com.tr
ODTU TEKNOKENT,,,Ankara,DAKYUZ YAZILIM TİCARET LİMİTED ŞİRKETİ,,http://dakyuz.com
ODTU TEKNOKENT,,,Ankara,Dalak Games Bilişim Teknoloji Tic. Ltd. Şti.,,http://www.dalakgames.com
ODTU TEKNOKENT,,,Ankara,DAMASİSTEM YAZILIM BİLİŞİM EĞİTİM DANIŞMANLIK ARAŞTIRMA GELİŞTİRME VE TİCARET LİMİTED ŞİRKETİ,,http://www.damasistem.com
ODTU TEKNOKENT,,,Ankara,Databoss Bilişim ve Enerji Arge Mühendislik Ticaret Sanayi A.Ş.,,http://www.data-boss.com.tr
ODTU TEKNOKENT,,,Ankara,DDOSIFY YAZILIM TEKNOLOJİLERİ ANONİM ŞİRKETİ,,http://ddosify.com
ODTU TEKNOKENT,,,Ankara,DEPLİKE YAZILIM MÜHENDİSLİK SANAYİ VE TİCARET LİMİTED ŞİRKETİ,,http://deplike.com
ODTU TEKNOKENT,,,Ankara,DESİSTEK ROBOTİK ELEKTRONİK YAZILIM SANAYİ TİCARET ANONİM ŞİRKETİ,,http://www.desistek.com.tr
ODTU TEKNOKENT,,,Ankara,DETS Dinamik Mühendislik Teknoloji Sistemleri San. Tic. Ltd. Şti,,http://www.dets.com.tr
ODTU TEKNOKENT,,,Ankara,DIVVYDRIVE BİLİŞİM TEKNOLOJİLERİ TİCARET ANONİM ŞİRKETİ,,http://www.divvydrive.com
ODTU TEKNOKENT,,,Ankara,DİA YAZILIM SANAYİ VE TİCARET ANONİM ŞİRKETİ,,http://dia.com.tr
ODTU TEKNOKENT,,,Ankara,DİJİTAL İNOVASYON VE YAPI TEKNOLOJİLERİ ANONİM ŞİRKETİ,,http://inovasyonofisi.com
ODTU TEKNOKENT,,,Ankara,DORIA Yazılım ARGE LTD STI,,http://www.icycapital.com www.primetrading.com
ODTU TEKNOKENT,,,Ankara,DYİLO MEDİKAL SAĞLIK TEKNOLOJİLERİ SANAYİ VE TİCARET LİMİTED ŞİRKETİ,,http://www.dyilo.com
ODTU TEKNOKENT,,,Ankara,EARFIT AKUSTİK VE İLERİ TEKNOLOJİLER ANONİM ŞİRKETİ,,http://www.earfit.com.tr
ODTU TEKNOKENT,,,Ankara,Earsis Mühendislik Teknolojileri ve Ar-Ge Çözümleri Ltd. Şti.,,http://earsis.com
ODTU TEKNOKENT,,,Ankara,Easy Clap Yazılım A.Ş.,,http://www.easyclapgames.com
ODTU TEKNOKENT,,,Ankara,EDA TASARIM ANALİZ MÜHENDİSLİK VE BİLGİSAYAR HİZMETLERİ LİMİTED ŞİRKETİ,,http://www.eda-ltd.com.tr
ODTU TEKNOKENT,,,Ankara,EDJUST TEKNOLOJİ ANONİM ŞİRKETİ,,http://www.edjust.me
ODTU TEKNOKENT,,,Ankara,EĞİTOPYA DİJİTAL EĞİTİM TEKNOLOJİLERİ ANONİM ŞİRKETİ,,http://www.egitopya.com
ODTU TEKNOKENT,,,Ankara,EKOFLY MÜHENDİSLİK EĞİTİM BİLİŞİM DANIŞMANLIK ARAŞTIRMA GELİŞTİRME TASARIM SANAYİ VE TİCARET LİMİTED ŞİRKETİ,,http://
ODTU TEKNOKENT,,,Ankara,ELECTRA IC ARGE A.Ş.,,http://www.electraic.com
ODTU TEKNOKENT,,,Ankara,Electravis Mühendislik Danışmanlık Elektrik Elektronik İç ve Dış Ticaret Limited Şirketi,,http://solarvis.co
ODTU TEKNOKENT,,,Ankara,Elevenmore Teknoloji Yazılım Limited Şirketi,,
ODTU TEKNOKENT,,,Ankara,EMEK ARAŞTIRMA GELİŞTİRME DANIŞMANLIK SANAYİ VE TİCARET ANONİM ŞİRKETİ,,http://www.emekarge.com.tr
ODTU TEKNOKENT,,,Ankara,Enetki Savunma Anonim Şirketi,,http://www.enetki.com
ODTU TEKNOKENT,,,Ankara,EnglishCentral Eğitim Teknolojileri Limited Şirketi,,http://www.englishcentral.com
ODTU TEKNOKENT,,,Ankara,ENHENCER YAZILIM A.Ş.,,http://www.enhencer.com
ODTU TEKNOKENT,,,Ankara,ENOVAS SAVUNMA TEKNOLOJİLERİ ANONİM ŞİRKETİ,,http://www.enovas.com.tr
ODTU TEKNOKENT,,,Ankara,ERC GRUP MÜHENDİSLİK DANIŞMANLIK VE AR-GE HİZMETLERİ A.Ş.,,http://www.erc-grup.com.tr
ODTU TEKNOKENT,,,Ankara,Ergcell Enerji Teknolojileri  Anonim Şirketi,,http://www.ergcell.com.tr
ODTU TEKNOKENT,,,Ankara,Erik Games Yazılım Oyun Teknolojileri Ticaret Anonim Şirketi,,http://www.erikgames.com
ODTU TEKNOKENT,,,Ankara,ERL TEKNOLOJİ A.Ş.,,http://
ODTU TEKNOKENT,,,Ankara,ESEN SİSTEM ENTEGRASYON VE MÜHENDİSLİK HİZMETLERİ SANAYİ VE TİCARET LİMİTED ŞİRKETİ,,http://www.esensi.com.tr
ODTU TEKNOKENT,,,Ankara,ESRİ BİLGİ SİSTEMLERİ MÜHENDİSLİK VE EĞİTİM LTD. ŞTİ.,,http://www.esriturkey.com.tr
ODTU TEKNOKENT,,,Ankara,ETA ELEKTRONİK TASARIM SANAYİ VE TİCARET ANONİM ŞİRKETİ,,http://www.etaint.com
ODTU TEKNOKENT,,,Ankara,EVREKA YAZILIM DONANIM DANIŞMANLIK EĞİTİM SANAYİ VE TİCARET ANONİM ŞİRKETİ,,http://evreka.co
ODTU TEKNOKENT,,,Ankara,EYESOFT BİLİŞİM EĞİTİM YAYINCILIK İLETİŞİM VE DANIŞMANLIK ANONİM ŞİRKETİ,,http://eyesoft.com.tr
ODTU TEKNOKENT,,,Ankara,F Ray Finansal Teknolojiler ve Derecelendirme Anonim Şirketi,,http://www.f-rayscoring.com
ODTU TEKNOKENT,,,Ankara,FAF Teknoloji Araştırma ve Geliştirme Anonim Şirketi,,http://
ODTU TEKNOKENT,,,Ankara,Fame Kriptosistem Tasarım Analiz Test Üretim Danışmanlık İthalat ve İhracat Limited Şirketi,,http://www.famecrypt.com.tr
ODTU TEKNOKENT,,,Ankara,FARMDROBE TEKNOLOJİ SANAYİ VE TİCARET ANONİM ŞİRKETİ,,http://farmdrobe.com
ODTU TEKNOKENT,,,Ankara,FARMLABS TARIM TEKNOLOJİLERİ VE ARGE ANONİM ŞİRKETİ,,http://
ODTU TEKNOKENT,,,Ankara,FEV TR OTOMOTİV VE ENERJİ ARAŞTIRMA VE MÜHENDİSLİK LİMİTED ŞİRKETİ,,http://www.fev.com
ODTU TEKNOKENT,,,Ankara,FİBERLAST FİBER LAZER SİSTEMLERİ VE TEKNOLOJİLERİ ANONİM ŞİRKETİ,,http://www.fiberlast.com.tr
ODTU TEKNOKENT,,,Ankara,FİLKON ELEKTRONİK TİC. VE PAZARLAMA LTD. ŞTİ.,,http://www.filkon-rf.com
ODTU TEKNOKENT,,,Ankara,Flux Solutions Enerji Ticaret Limited Şirketi,,http://www.flux-es.com
ODTU TEKNOKENT,,,Ankara,FORD OTOMOTİV SANAYİ A.Ş.,,http://www.fordotosan.com.tr/tr
ODTU TEKNOKENT,,,Ankara,FORENSOFT Bilgisayar Programcılık Danışmanlık Yazılım Bilgisayar Teknolojileri San. ve Tic. Ltd. Şti.,,http://
ODTU TEKNOKENT,,,Ankara,FRANTİC GAMES OYUN TEKNOLOJİLERİ ANONİM ŞİRKETİ,,http://franticgames.net/
ODTU TEKNOKENT,,,Ankara,FRESHDATA TEKNOLOJİ HABERLEŞME YAZILIM SANAYİ VE TİCARET LİMİTED ŞİRKETİ,,http://
ODTU TEKNOKENT,,,Ankara,FRUMATİC Bilişim İletişim Bilgisayar Teknolojileri Sanayi Ve Ticaret Anonim Şirketi,,http://frumatic.com/en/home/
ODTU TEKNOKENT,,,Ankara,Gamebrain Yazılım Teknolojileri Ltd. Şti.,,http://www.gamebra.in
ODTU TEKNOKENT,,,Ankara,GCLAB MÜHENDİSLİK ANONİM ŞİRKETİ,,http://gclabmuhendislik.com
ODTU TEKNOKENT,,,Ankara,GDY PİKSEL YAZILIM REKLAM BİLİŞİM ÜRÜNLERİ VE HİZMETLERİ TİCARET ANONİM ŞİRKETİ,,http://www.pixofun.com
ODTU TEKNOKENT,,,Ankara,GEODESTEK ZEMAR ZEMİN ARAŞTIRMA PROJE MÜŞ. YAZ. LAB. BİLG. SİS. ENR. İNŞ. TUR. İTH. İHR. TİC. VE SAN. LTD. ŞTİ.,,http://www.geodestek.com
ODTU TEKNOKENT,,,Ankara,GEOSYS BİLİŞİM SİSTEMLERİ ANONİM ŞİRKETİ,,http://www.geosys.com.tr
ODTU TEKNOKENT,,,Ankara,GEOTAYF MÜHENDİSLİK LİMİTED ŞİRKETİ,,http://www.geotayf.com.tr
ODTU TEKNOKENT,,,Ankara,Gevher Medikal Mühendislik Ve ARGE Danışmanlık Ticaret Limited Şirketi,,http://yaskay.wixsite.com/physiotech
ODTU TEKNOKENT,,,Ankara,GFDS 3D ANİMASYON YAZILIM İTHALAT İHRACAT PAZARLAMA VE TİCARET ANONİM ŞİRKETİ,,http://www.gfds-inc.com
ODTU TEKNOKENT,,,Ankara,GSATCOM UZAY TEKNOLOJİLERİ ANONİM ŞİRKETİ,,http://www.gsatcom.com
ODTU TEKNOKENT,,,Ankara,Gte Karbon Sürdürülebilir Enerji Eğitim Danışmanlık ve Tic. A.Ş.,,http://www.gte.com.tr
ODTU TEKNOKENT,,,Ankara,GUİ BİLİŞİM DANIŞMANLIK VE EĞİTİM LİMİTED ŞİRKETİ,,http://www.gui.com.tr
ODTU TEKNOKENT,,,Ankara,Güven Future Sağlık Teknolojileri Anonim Şirketi,,http://www.guvenfuture.com
ODTU TEKNOKENT,,,Ankara,HALICI BİLGİ İŞLEM SANAYİ VE TİCARET ANONİM ŞİRKETİ,,http://www.halici.com.tr
ODTU TEKNOKENT,,,Ankara,HASER BİLGİSAYAR SİSTEMLERİ YAZILIM İNŞAAT TAAHHÜT VE MÜŞAVİRLİK İÇ VE DIŞ TİCARET LİMİTED ŞİRKETİ,,http://www.haser.com
ODTU TEKNOKENT,,,Ankara,HAVELSAN HAVA ELEKTRONİK SANAYİ VE TİCARET ANONİM ŞİRKETİ,,http://www.havelsan.com.tr
ODTU TEKNOKENT,,,Ankara,Hawk Teknoloji Donanım Yazılım ve Otomasyon Sanayi Limited Şirketi,,http://www.hawkteknoloji.com
ODTU TEKNOKENT,,,Ankara,He2 Yazılım ve Oyun Teknolojileri Ltd. Şti.,,http://he2yazilim.com
ODTU TEKNOKENT,,,Ankara,Helezon Biyoteknoloji Tanı Sanayi ve Ticaret A.Ş.,,http://
ODTU TEKNOKENT,,,Ankara,HELLO SPACE SYSTEMS TEKNOLOJİ ANONİM ŞİRKETİ,,
ODTU TEKNOKENT,,,Ankara,HEMOSOFT BİLİŞİM VE EĞİTİM HİZMETLERİ ANONİM ŞİRKETİ,,http://www.hemosoft.com.tr
ODTU TEKNOKENT,,,Ankara,HERCULES BİYOMEDİKAL ELEKTRİK ELEKTRONİK ARGE TİCARET ANONİM ŞİRKETİ,,http://neurocess.co
ODTU TEKNOKENT,,,Ankara,HEY TEKNOLOJİ YAZILIM DANIŞMANLIK SANAYİ VE TİCARET LİMİTED ŞİRKETİ,,http://www.heyteknoloji.com
ODTU TEKNOKENT,,,Ankara,HG MEKANİK AR-GE MÜHENDİSLİK YAZILIM DANIŞMANLIK SANAYİ VE TİCARET LİMİTED ŞİRKETİ,,http://www.hgmekanik.com.tr
ODTU TEKNOKENT,,,Ankara,Hidrofil Mühendislik A.Ş.,,http://www.hidrofil.com.tr
ODTU TEKNOKENT,,,Ankara,HİDROMOD ARGE VE YAZILIM LİMİTED ŞİRKETİ,,http://www.hidromod.com.tr/
ODTU TEKNOKENT,,,Ankara,HİDROSAF YAZILIM BİLİŞİM DANIŞMANLIK TİCARET LİMİTED ŞİRKETİ,,http://www.hidrosaf.com
ODTU TEKNOKENT,,,Ankara,HİSTOCAN TEKNOLOJİ YAZILIM LİMİTED ŞİRKETİ,,
ODTU TEKNOKENT,,,Ankara,HTM Tasarım Makine Sanayi ve Ticaret Anonim Şirketi,,http://www.htmdesign.com.tr
ODTU TEKNOKENT,,,Ankara,Hypsus Mühendislik ve Süspansiyon Sistemleri A.Ş.,,http://www.hypsus.com.tr
ODTU TEKNOKENT,,,Ankara,Icotec Mühendislik İnşaat Araştırma Geliştirme Yazılım Limited Şirketi,,http://www.icotec.com.tr
ODTU TEKNOKENT,,,Ankara,ICTERRA BİLGİ VE İLETİŞİM TEKNOLOJİLERİ SANAYİ VE TİCARET ANONİM ŞİRKETİ,,http://www.icterra.com
ODTU TEKNOKENT,,,Ankara,IGDEAS ENERJİ VE SAVUNMA TEKNOLOJİLERİ TİCARET ANONİM ŞİRKETİ,,http://WWW.IGDEAS.COM.TR
ODTU TEKNOKENT,,,Ankara,Inavitas Enerji Anonim Şirketi,,http://
ODTU TEKNOKENT,,,Ankara,Infera Teknoloji ve Bilişim Hizmetleri Anonim Şirketi,,http://
ODTU TEKNOKENT,,,Ankara,Insider (SOSYO  PLUS BİLGİ BİLİŞİM TEKNOLOJİLERİ VE DANIŞMANLIK HİZMETLERİ A.Ş.),,http://useinsider.com
ODTU TEKNOKENT,,,Ankara,Integrity NDT Mühendislik Sanayi ve Ticared Limited Şirketi,,http://www.integrityndt.com/
ODTU TEKNOKENT,,,Ankara,INTEGVA TEKNOLOJİ ANONİM ŞİRKETİ,,http://www.integva.com
ODTU TEKNOKENT,,,Ankara,ION ENDÜSTRİYEL METALÜRJİ ARAŞTIRMA VE GELİŞTİRME A.Ş.,,http://www.ion-metal.com
ODTU TEKNOKENT,,,Ankara,ISSD Bilişim Elektronik Eğt. San. ve Tic. A.Ş.,,http://www.issd.com.tr
ODTU TEKNOKENT,,,Ankara,İ4 İNŞAAT YAZILIM ENERJİ EĞİTİM DANIŞMANLIK ARAŞTIRMA GELİŞTİRME SANAYİ VE TİCARET LİMİTED ŞİRKETİ,,http://www.i4.com.tr
ODTU TEKNOKENT,,,Ankara,İhale Teknolojileri A.Ş.,,http://ihalepro.com
ODTU TEKNOKENT,,,Ankara,İKON ARGE TEKNOLOJİ A.Ş.,,http://www.ikonas.co
ODTU TEKNOKENT,,,Ankara,İleri Arge Teknolojileri Mühendislik Yazılım Eğitim Danışmanlık Sanayi ve Ticaret Limited Şirketi,,http://www.ileriarge.com.tr
ODTU TEKNOKENT,,,Ankara,İM PARK BİLİŞİM ELEKTRONİK BASIN YAYIN VE REKLAMCILIK EĞİTİM LİMİTED ŞİRKETİ,,http://www.impark.com.tr
ODTU TEKNOKENT,,,Ankara,İndigo Tarım Limited Şirketi,,http://www.indigoeco.com
ODTU TEKNOKENT,,,Ankara,İNFODİF YAZILIM VE BİLİŞİM TEKNOLOJİLERİ SANAYİ VE TİCARET ANONİM ŞİRKETİ,,http://www.infodif.com
ODTU TEKNOKENT,,,Ankara,İNFOSOFT BİLGİ SİSTEMLERİ MÜH.VE DANIŞMANLIK LTD.ŞTİ.,,http://www.infosoft.com.tr
ODTU TEKNOKENT,,,Ankara,İNFOTRON ELEKTRONİK VE BİLGİSAYAR SİSTEMLERİ ÜRETİM VE TİCARET ANONİM ŞİRKETİ,,http://www.infotron.com.tr
ODTU TEKNOKENT,,,Ankara,İNNOMOTİVE ELEKTRONİK YAZILIM ARAŞTIRMA GELİŞTİRME SANAYİ VE TİCARET LİMİTED ŞİRKETİ,,http://www.innomotive.com.tr
ODTU TEKNOKENT,,,Ankara,İNNOVA BİLİŞİM ÇÖZÜMLERİ ANONİM ŞİRKETİ,,http://www.innova.com.tr
ODTU TEKNOKENT,,,Ankara,İnnovascope Malzeme Üretimi ve Teknolojileri Araştırma Geliştirme Mühendislik Limited Şirketi,,http://
ODTU TEKNOKENT,,,Ankara,İNOFAB SAĞLIK TEKNOLOJİLERİ AŞ,,http://www.spirohome.io
ODTU TEKNOKENT,,,Ankara,İNOVA DANIŞMANLIK YAZILIM BİLGİSAYAR EĞİTİM SANAYİ VE TİCARET ANONİM ŞİRKETİ,,http://www.inovadanismanlik.com.tr
ODTU TEKNOKENT,,,Ankara,"İNVİCTA - İNTERNET VERİ İLETİŞİMİ, CHIP TEKNOLOJİLERİ, AR-GE VE BİLGİ GÜVENLİĞİ LTD. Şti.",,http://invicta.com.tr
ODTU TEKNOKENT,,,Ankara,İSMAİL TAHA AYKAÇ - AYKAÇ BİLİŞİM,,http://
ODTU TEKNOKENT,,,Ankara,İSOMER BİLİŞİM HİZMETLERİ SANAYİ VE TİCARET LİMİTED ŞİRKETİ,,http://www.isomer.com.tr
ODTU TEKNOKENT,,,Ankara,İTEMS TEKNOLOJİ LİMİTED ŞİRKETİ,,http://
ODTU TEKNOKENT,,,Ankara,JOTFORM YAZILIM A.Ş.,,http://www.jotform.com
ODTU TEKNOKENT,,,Ankara,KAE Sistem Bilişim ve Telekomünikasyon A.Ş.,,http://www.kaesystems.com
ODTU TEKNOKENT,,,Ankara,KALE YAZILIM SANAYİ VE TİCARET ANONİM ŞİRKETİ,,http://www.kaleyazilim.com.tr
ODTU TEKNOKENT,,,Ankara,KALİTTE PROFESYONEL BİLGİ TEKNOLOJİLERİ BASIM VE YAYINCILIK LİMİTED ŞİRKETİ,,http://www.kalitte.com.tr
ODTU TEKNOKENT,,,Ankara,KARDİNERO MEDİKAL SİSTEMLER SANAYİ VE TİCARET ANONİM ŞİRKETİ,,http://www.kardinero.com.tr
ODTU TEKNOKENT,,,Ankara,KARGA GAMES OYUN YAZILIM VE PAZARLAMA ANONİM ŞİRKETİ,,http://www.kargagames.com
ODTU TEKNOKENT,,,Ankara,KLEMSAN ELEKTRİK ELEKTRONİK SAN. ve TİC. A.Ş.,,http://www.klemsan.com.tr
ODTU TEKNOKENT,,,Ankara,Kobaküs Bilişim ve Teknoloji A.Ş,,http://kobakus.com
ODTU TEKNOKENT,,,Ankara,KOBAY AR-GE A.Ş.,,http://www.kobayarge.com.tr
ODTU TEKNOKENT,,,Ankara,KOBAY DENEY HAYVANLARI LABORATUARI SANAYİ VE TİCARET A.Ş.,,http://www.kobay.com.tr
ODTU TEKNOKENT,,,Ankara,KOÇ BİLGİ VE SAVUNMA TEKNOLOJİLERİ ANONİM ŞİRKETİ -ODTÜ TEKNOKENT ŞUBESİ,,http://www.kocsavunma.com
ODTU TEKNOKENT,,,Ankara,KOÇ SİSTEM BİLGİ VE İLETİŞİM HİZMETLERİ ANONİM ŞİRKETİ - ODTÜ TEKNOKENT ŞUBESİ,,http://www.kocsistem.com.tr
ODTU TEKNOKENT,,,Ankara,KODLABS YAZILIM LİMİTED ŞİRKETİ,,http://kodlabs.com
ODTU TEKNOKENT,,,Ankara,KODOBUR YAZILIM BİLİŞİM TASARIM ARGE SANAYİ TİCARET LİMİTED ŞİRKETİ,,http://www.kodobur.com
ODTU TEKNOKENT,,,Ankara,KOLEKTİF BİLİŞİM TEKNOLOJİLERİ LİMİTED ŞİRKETİ,,http://www.kolektif.com.tr
ODTU TEKNOKENT,,,Ankara,Kondor Teknoloji Limited Şirketi,,http://
ODTU TEKNOKENT,,,Ankara,KREATİN BİLİŞİM SİSTEMLERİ ELEKTRONİK AR-GE DANIŞMANLIK SANAYİ VE TİCARET LİMİTED ŞİRKETİ,,http://www.kreatinstudios.com
ODTU TEKNOKENT,,,Ankara,KUARTİS TEKNOLOJİ BİLİŞİM MÜHENDİSLİK ARAŞTIRMA GELİŞTİRME VE DANIŞMANLIK TİCARET LİMİTED ŞİRKETİ,,http://www.kuartis.com
ODTU TEKNOKENT,,,Ankara,KUARTİSMED MEDİKAL ARAŞTIRMA GELİŞTİRME DANIŞMANLIK EĞİTİM SANAYİ VE TİCARET ANONİM ŞİRKETİ,,http://www.kuartismed.com
ODTU TEKNOKENT,,,Ankara,KUASOFT Bilişim Teknolojileri A.Ş.,,http://www.kuasoft.com
ODTU TEKNOKENT,,,Ankara,Kuzgun Savunma Havacılık Mühendislik Sanayi ve Ticaret Limited Şirketi,,http://www.kuzguntech.com
ODTU TEKNOKENT,,,Ankara,LABRİS TEKNOLOJİ BİLİŞİM ÇÖZÜMLERİ ANONİM ŞİRKETİ,,http://www.labrisnetworks.com
ODTU TEKNOKENT,,,Ankara,LARSA Eurasia ARGE ve Yazılım Anonim Şirketi,,http://www.larsa4d.com
ODTU TEKNOKENT,,,Ankara,Lentatek Uzay Havacılık ve Teknoloji A.Ş.,,http://www.lentatek.com
ODTU TEKNOKENT,,,Ankara,LEOPAR KOMPOZİT EĞİTİM YAZILIM ELEKTRONİK DANIŞMANLIK MÜHENDİSLİK İTHALAT İHRACAT SANAYİ VE TİCARET,,http://www.leopar.com.tr
ODTU TEKNOKENT,,,Ankara,LİMATEK SİSTEM TEKNOLOJİLERİ SANAYİ VE TİCARET ANONİM ŞİRKETİ,,http://www.limatek.com.tr
ODTU TEKNOKENT,,,Ankara,LİNERA YAZILIM AR-GE İLETİŞİM MÜHENDİSLİK DANIŞMANLIK EĞİTİM SANAYİ VE DIŞ TİCARET LİMİTED ŞİRKETİ,,http://www.linera.com.tr
ODTU TEKNOKENT,,,Ankara,LNL ELEKTRİK ELEKTRONİK BİLİŞİM VE DANIŞMANLIK LİMİTED ŞİRKETİ,,http://www.lnl.com.tr
ODTU TEKNOKENT,,,Ankara,Lost Panda Games Oyun Yazılım Bilişim Tekn. Tic. A.Ş.,,http://lostpandagames.com/
ODTU TEKNOKENT,,,Ankara,LTN Yazılım ve Elektronik A.Ş.,,
ODTU TEKNOKENT,,,Ankara,LUNA ELEKTRİK ELEKTRONİK SAN. VE TİC. A.Ş,,http://www.lunatr.com
ODTU TEKNOKENT,,,Ankara,MAGLAB OYUN TEKNOLOJİLERİ BİLİŞİM YAZILIM TASARIM YAYINCILIK TİCARET ANONİM ŞİRKETİ,,http://maglab.com.tr/
ODTU TEKNOKENT,,,Ankara,MANAKİN ELEKTRONİK YAZILIM ANONİM ŞİRKETİ,,http://www.manakintech.com
ODTU TEKNOKENT,,,Ankara,MANTİS YAZILIM DANIŞMANLIK YAYINCILIK EĞİTİM  MÜHENDİSLİK BİLİŞİM DONANIM İTHALAT İHRACAT SANAYİ VE TİCARET LİMİTED ŞİRKETİ,,http://www.mantis.com.tr
ODTU TEKNOKENT,,,Ankara,MANUS YAZILIM MAKİNA ELEKTRONİK DANIŞMANLIK MÜHENDİSLİK SANAYİ VE TİCARET ANONİM ŞİRKETİ,,http://www.manusnc.com
ODTU TEKNOKENT,,,Ankara,Marinami Proje Danışmanlık Mühendislik Yazılım İç ve Dış Ticaret Ltd. Şti.,,http://
ODTU TEKNOKENT,,,Ankara,MARKETERSTECH TEKNOLOJİ ANONİM ŞİRKETİ,,http://www.marketerstech.com
ODTU TEKNOKENT,,,Ankara,MARTENSIT BİYOMEDİKAL ARAŞTIRMA GELİŞTİRME LİMİTED ŞİRKETİ,,http://martensitrd.com
ODTU TEKNOKENT,,,Ankara,MATRiSEB Mühendislik Danışmanlık Ltd. Şti.,,http://www.matriseb.com
ODTU TEKNOKENT,,,Ankara,MAY SİBER TEKNOLOJİ BİLİŞİM BİLGİSAYAR EĞT.DAN.YAZ.SAN.TİC.A.Ş,,http://www.maysiber.com
ODTU TEKNOKENT,,,Ankara,M-D2 MÜHENDİSLİK DANIŞMANLIK İNŞAAT TAAHHÜT İÇ VE DIŞ TİCARET LİMİTED ŞİRKETİ,,http://www.m-d2.com
ODTU TEKNOKENT,,,Ankara,Meddenovo İlaç Tasarım ve Danışmanlık A.Ş.,,http://www.meddenovo.com
ODTU TEKNOKENT,,,Ankara,Medpointr Medikal Tıbbi Cihazlar Ltd. Şti.,,http://www.medpointr.com
ODTU TEKNOKENT,,,Ankara,MEETMEAT BİYOTEKNOLOJİ ARGE SANAYİ VE TİCARET LİMİTED ŞİRKETİ,,
ODTU TEKNOKENT,,,Ankara,MEGAP MALZEME ENERJİ ÇEVRE ARAŞTIRMA GELİŞTİRME PROJELENDİRME DANIŞMANLIK BİLİŞİM SANAYİ VE TİCARET,,http://www.megap.com.tr
ODTU TEKNOKENT,,,Ankara,Mentorapy Eğitim Tasarım Teknoloji Limited Şirketi,,http://www.mentorapy.com
ODTU TEKNOKENT,,,Ankara,METAPAX AKUSTİK MÜHENDİSLİK DANIŞMANLIK EĞİTİM SANAYİ VE TİCARET ANONİM ŞİRKETİ,,http://www.metapax.com.tr
ODTU TEKNOKENT,,,Ankara,METAVERSE YAZILIM BİLİŞİM TİCARET LİMİTED ŞİRKETİ,,http://www.metaverse.com.tr
ODTU TEKNOKENT,,,Ankara,METİN ATEŞ-MATEŞ ELEKTRONİK,,http://www.mateselk.com.tr
ODTU TEKNOKENT,,,Ankara,Metis Elektrik Eğitim Mühendislik Danışmanlık Araştırma Geliştirme Ltd. Şti.,,http://www.metiselektrik.com.tr
ODTU TEKNOKENT,,,Ankara,MEVA AVİYONİK SİSTEMLER TEKNOLOJİ SANAYİ VE TİCARET ANONİM ŞİRKETİ  (kurulmakta olan),,http://
ODTU TEKNOKENT,,,Ankara,MEZZO STÜDYO AKUSTİK MİMARLIK PROJE MÜHENDİSLİK TEKNOLOJİ DANIŞMANLIK İÇ VE DIŞ TİCARET LİMİTED ŞİRKETİ,,http://www.mezzostudyo.com
ODTU TEKNOKENT,,,Ankara,MİA TEKNOLOJİ ANONİM ŞİRKETİ,,http://www.miateknoloji.com.tr/
ODTU TEKNOKENT,,,Ankara,MİKRO BİYOSİSTEMLER ELEKTRONİK SANAYİ VE TİCARET ANONİM ŞİRKETİ,,http://www.mikrobiyo.com.tr
ODTU TEKNOKENT,,,Ankara,MİKROSENS ELEKTRONİK SANAYİ VE TİCARET ANONİM ŞİRKETİ,,http://www.mikrosens.com.tr
ODTU TEKNOKENT,,,Ankara,MİKROSİSTEMLER SANAYİ VE TİCARET LİMİTED ŞİRKETİ,,http://www.mikrosistemler.com.tr
ODTU TEKNOKENT,,,Ankara,MİKRO-TASARIM ELEKTRONİK SANAYİ VE TİCARET ANONİM ŞİRKETİ,,http://www.mikro-tasarim.com.tr
ODTU TEKNOKENT,,,Ankara,MİLCOSYS SAVUNMA TEKNOLOJİLERİ ANONİM ŞİRKETİ,,http://www.milcosys.com
ODTU TEKNOKENT,,,Ankara,MİLDMANİA OYUN SİSTEMLERİ ANONİM ŞİRKETİ,,http://mildmania.com
ODTU TEKNOKENT,,,Ankara,MİLSOFT Yazılım Teknolojileri A.Ş.,,http://www.milsoft.com.tr
ODTU TEKNOKENT,,,Ankara,MİLVUS ROBOTİCS TEKNOLOJİ ANONİM ŞİRKETİ,,http://www.milvus.com.tr
ODTU TEKNOKENT,,,Ankara,Mitaş Endüstri San. Tic. A.Ş.,,http://www.mitasindustry.com
ODTU TEKNOKENT,,,Ankara,Mobilizer Yazılım ve Teknoloji A.Ş,,http://appnava.com/
ODTU TEKNOKENT,,,Ankara,MOBİLUS YAZILIM BİLGİSAYAR İLETİŞİM SANAYİ VE TİCARET ANONİM ŞİRKETİ,,http://www.mobilus.com.tr
ODTU TEKNOKENT,,,Ankara,MOBİROB ARGE YAZILIM MÜH. MED. İML. DAN. PAZ. SAN. VE TİC. A. Ş.,,http://www.mobirob.com
ODTU TEKNOKENT,,,Ankara,Model Sistem Teknolojileri A.Ş.,,http://
ODTU TEKNOKENT,,,Ankara,MODESİS MAKİNA ELEKTRONİK VE BİLİŞİM TEKNOLOJİLERİ SANAYİ VE TİCARET LİMİTED ŞİRKETİ,,http://www.modesis.com/
ODTU TEKNOKENT,,,Ankara,MOMEND YAZILIM TANITIM DANIŞMANLIK BİLİŞİM DIŞ TİCARET LİMİTED ŞİRKETİ,,http://www.momend.com
ODTU TEKNOKENT,,,Ankara,MOMENTUM ARAŞTIRMA GELİŞTİRME TEKNOLOJİ MÜHENDİSLİK VE PEYZAJ SANAYİ VE TİCARET LİMİTED ŞİRKETİ,,http://momentumarge.com.tr
ODTU TEKNOKENT,,,Ankara,MRC ARGE ENERJİ MÜHENDİSLİĞİ KONTROL VE TEST HİZMETLERİ ANONİM ŞİRKETİ,,http://www.mrc-tr.com
ODTU TEKNOKENT,,,Ankara,MY DAHLIA KOZMETİK SANAYİ VE TİCARET ANONİM ŞİRKETİ,,http://www.irshi.com.tr
ODTU TEKNOKENT,,,Ankara,NANOBİZ  TEKNOLOJİ A.Ş.,,http://www.nanobiz.com.tr
ODTU TEKNOKENT,,,Ankara,NANOGRAFİ NANO TEKNOLOJİ ANONİM ŞİRKETİ,,http://www.nanografi.com
ODTU TEKNOKENT,,,Ankara,NANOMANYETİK BİLİMSEL CİHAZLAR SANAYİ VE TİCARET LİMİTED ŞİRKETİ,,http://www.nanomagnetics-inst.com/tr
ODTU TEKNOKENT,,,Ankara,NANOMY İLAÇ KOZMETİK SANAYİ LTD. ŞTİ.,,http://www.nanomy.com.tr
ODTU TEKNOKENT,,,Ankara,NANOSİS BİLİMSEL CİHAZLAR TEKNOLOJİ DANIŞMANLIK VE MÜHENDİSLİK SANAYİ VE TİCARET LİMİTED ŞİRKETİ,,http://www.nano-sis.com.tr
ODTU TEKNOKENT,,,Ankara,Nanovatif Malzeme Teknolojileri Araştırma Geliştirme Danışmanlık İthalat İhracat Sanayi ve Ticaret Limited Şirketi,,http://www.nanovatif.com
ODTU TEKNOKENT,,,Ankara,NART BİLİŞİM HİZMETLERİ LİMİTED ŞİRKETİ,,http://www.technarts.com
ODTU TEKNOKENT,,,Ankara,NEHİR BİYOTEKNOLOJİ AR-GE HİZMETLERİ DANIŞMANLIK BİLİŞİM PAZARLAMA SANAYİ TİCARET LİMİTED ŞİRKETİ,,http://www.nehirbt.com.tr
ODTU TEKNOKENT,,,Ankara,NETAŞ BİLİŞİM TEKNOLOJİLERİ ANONİM ŞİRKETİ,,http://www.netasbilisim.com.tr
ODTU TEKNOKENT,,,Ankara,NETAŞ TELEKOMÜNİKASYON ANONİM ŞİRKETİ ANKARA ŞUBESİ,,http://www.netas.com.tr
ODTU TEKNOKENT,,,Ankara,NOTRINO RESEARCH BİLGİ TEKNOLOJİLERİ ARAŞTIRMA GELİŞTİRME LİMİTED ŞİRKETİ,,http://www.notrino.com
ODTU TEKNOKENT,,,Ankara,NOVATOR ENERJİ ANONİM ŞİRKETİ,,http://
ODTU TEKNOKENT,,,Ankara,NUCAL YAZILIM A.Ş.,,http://nucal.com/
ODTU TEKNOKENT,,,Ankara,NuMSP YAZILIM A.Ş.,,http://www.numsp.com/
ODTU TEKNOKENT,,,Ankara,NURD YAZILIM ANONİM ŞİRKETİ,,http://www.comodo.com
ODTU TEKNOKENT,,,Ankara,Ocak Uzay Teknolojileri Bilişim ve Havacılık Elektronik Danışmanlık Müteahhitlik İmalat San. ve Tic. Ltd. Şti.,,http://novit.ai
ODTU TEKNOKENT,,,Ankara,Odtü Geliştirme Vakfı Bilgi Teknolojileri Sanayi ve Ticaret Anonim Şirketi,,http://www.metunic.com.tr
ODTU TEKNOKENT,,,Ankara,ODTÜ TEKNOKENT YÖNETİM A.Ş.,,http://odtuteknokent.com.tr/tr
ODTU TEKNOKENT,,,Ankara,OGEM OTOMASYON GEREÇLERİ VE ELEKTROMEKANİK SANAYİ TİCARET ANONİM ŞİRKETİ,,http://www.ogemsan.com.tr
ODTU TEKNOKENT,,,Ankara,OK DIŞ TİCARET VE MADENCİLİK SANAYİ LİMİTED ŞİRKETİ,,http://www.okdtm.com
ODTU TEKNOKENT,,,Ankara,ONBİRON YAZILIM BİLİŞİM TEKNOLOJİLERİ ELEKTRONİK AR-GE ÜRETİM EĞİTİM VE DANIŞMANLIK HİZMETLERİ İTHALAT İHRACAT SANAYİ LİMİTED ŞİRKETİ,,http://www.onbiron.com.tr
ODTU TEKNOKENT,,,Ankara,ONEDİO BİLİŞİM YAZILIM MEDYA TEKNOLOJİ SANAYİ VE TİCARET ANONİM ŞİRKETİ,,http://www.onedio.com
ODTU TEKNOKENT,,,Ankara,ONLAYER BİLİŞİM TEKNOLOJİLERİ ANONİM ŞİRKETİ,,http://onlayer.com/
ODTU TEKNOKENT,,,Ankara,OPSGENİE YAZILIM A.Ş,,http://www.opsgenie.com
ODTU TEKNOKENT,,,Ankara,OPSİN ELEKTRO OPTİK SİSTEMLER A.Ş.,,http://www.opsin.com.tr
ODTU TEKNOKENT,,,Ankara,OPTIO TASARIM TEKNOLOJİLERİ ANONİM ŞİRKETİ,,http://
ODTU TEKNOKENT,,,Ankara,OPTİKON ELEKTRONİK İMALAT SANAYİ VE TİCARET LİMİTED ŞİRKETİ,,http://opti-kon.com.tr/
ODTU TEKNOKENT,,,Ankara,OPTİMA SOFT YAZILIM HİZMETLERİ SANAYİ VE TİCARET ANONİM ŞİRKETİ,,http://www.optima.tc
ODTU TEKNOKENT,,,Ankara,Optiyol Karar Destek Teknolojileri A.Ş.,,http://www.optiyol.com
ODTU TEKNOKENT,,,Ankara,OPTONİK YARI İLETKEN TEKNOLOJİLERİ ARAŞTIRMA GELİŞTİRME DANIŞMANLIK EĞİTİM İTHALAT İHRACAT VE SANAYİ LİMİTED ŞİRKETİ,,http://www.optonik.com
ODTU TEKNOKENT,,,Ankara,Ordulu Teknoloji Anonim Şirketi,,http://www.ordulu.com
ODTU TEKNOKENT,,,Ankara,ORION BT Bilişim Hizmetleri LTD. ŞTİ.,,http://www.orionbt.com.tr
ODTU TEKNOKENT,,,Ankara,ORION ROBOTİK TEKNOLOJİ LİMİTED ŞİRKETİ,,http://orionrobotics.org
ODTU TEKNOKENT,,,Ankara,ORTANA ELEKTRONİK YAZILIM TAAHHÜT SANAYİ VE TİCARET ANONİM ŞİRKETİ,,http://www.ortana.com
ODTU TEKNOKENT,,,Ankara,ORUBA MEDİKAL TEKNOLOJİ ARGE İÇ VE DIŞ TİCARET LİMİTED ŞİRKETİ,,http://www.oruba.com.tr
ODTU TEKNOKENT,,,Ankara,OTEST OTOMOTİV TEST VE TAŞIT ARAŞTIRMA GELİŞTİRME DANIŞMANLIK SANAYİ VE TİCARET ANONİM ŞİRKETİ,,http://www.otest.com.tr
ODTU TEKNOKENT,,,Ankara,OTLAK YAZILIM ANONİM ŞİRKETİ,,http://www.otlakyazilim.com
ODTU TEKNOKENT,,,Ankara,Otsimo Bilişim Anonim Şirketi,,http://otsimo.com
ODTU TEKNOKENT,,,Ankara,OUTCLASS YAZILIM TEKNOLOJİLERİ ANONİM ŞİRKETİ,,http://outclass.games
ODTU TEKNOKENT,,,Ankara,PANTEON YAZILIM OYUN EĞİTİM TEKNOLOJİLERİ VE HİZMETLERİ SANAYİ TİCARET ANONİM ŞİRKETİ,,http://www.panteon.games
ODTU TEKNOKENT,,,Ankara,PARABOL YAZILIM ELEKTRONİK DANIŞMANLIK EĞİTİM SANAYİ VE TİCARET LTD. ŞTİ.,,http://www.paraboly.com
ODTU TEKNOKENT,,,Ankara,PARANA VİSİON GÖRÜNTÜ İŞLEME TEKNOLOJİLERİ VE ÇÖZÜMLERİ DANIŞMANLIK SANAYİ TİCARET ANONİM ŞİRKETİ,,http://www.paranavision.com.tr
ODTU TEKNOKENT,,,Ankara,PARGE ARAŞTIRMA GELİŞTİRME YAZILIM MÜHENDİSLİK TİCARET VE SANAYİ ANONİM ŞİRKETİ,,http://www.parlar.org.tr
ODTU TEKNOKENT,,,Ankara,PARS MAKİNA SANAYİ VE TİCARET LİMİTED ŞİRKETİ,,http://www.parsmakina.com
ODTU TEKNOKENT,,,Ankara,Peptiteam Kimya Anonim Şirketi,,http://peptiteam.com
ODTU TEKNOKENT,,,Ankara,Petware Teknoloji A.Ş,,http://petware.io/
ODTU TEKNOKENT,,,Ankara,PİRİREİS BİLİŞİM TEKNOLOJİLERİ YAZILIM MÜHENDİSLİK BİLGİSAYAR EĞİTİM TİCARET LİMİTED ŞİRKETİ,,http://www.citysurf.com.tr
ODTU TEKNOKENT,,,Ankara,Poliark Mimarlık ve Çevre Teknolojileri Anonim Şirketi,,http://www.poliark.com
ODTU TEKNOKENT,,,Ankara,PORİON BİYOTEKNOLOJİ ANONİM ŞİRKETİ,,http://www.poriontech.com
ODTU TEKNOKENT,,,Ankara,Potentgen Nükleer Tıp Biyoteknoloji Klinik Araştırma ve Danışmanlık Anonim Şirketi,,
ODTU TEKNOKENT,,,Ankara,Presify Analitik Yazılım A.Ş.,,http://presify.ai/
ODTU TEKNOKENT,,,Ankara,PRF ARAŞTIRMA GELİŞTİRME MÜHENDİSLİK SANAYİ VE TİCARET ANONİM ŞİRKETİ,,http://www.prfarge.com.tr
ODTU TEKNOKENT,,,Ankara,Projesium Yazılım Danışmanlık Anonim Şirketi,,http://projesium.com
ODTU TEKNOKENT,,,Ankara,PROMIS PROSES KONTROL VE YÖNETİM BİLİŞİM SİSTEMLERİ LİMİTED ŞİRKETİ,,http://www.promis.com.tr
ODTU TEKNOKENT,,,Ankara,PROTA YAZILIM BİLİŞİM VE MÜHENDİSLİK HİZMETLERİ ANONİM ŞİRKETİ,,http://www.prota.com.tr
ODTU TEKNOKENT,,,Ankara,PS Yazılım Sanayi ve Ticaret Limited Şirketi,,http://www.psyazilim.com
ODTU TEKNOKENT,,,Ankara,Psteknik Bilişim ve Mühendislik A.Ş.,,http://www.psteknik.com
ODTU TEKNOKENT,,,Ankara,PTTEM TEKNOLOJİ VE ELEKTRONİK HİZMETLERİ AŞ.,,http://www.pttem.com.tr
ODTU TEKNOKENT,,,Ankara,Quok Games Bilişim Teknoloji Ticaret Anonim Şirketi,,http://quok.games
ODTU TEKNOKENT,,,Ankara,QUOP TASARIM MÜHENDİSLİK YAZILIM BİLİŞİM DANIŞMANLIK SANAYİ VE TİCARET LİMİTED ŞİRKETİ,,
ODTU TEKNOKENT,,,Ankara,Ratio Technologies Bilişim Arge Dan. San. ve Tic. Ltd. Şti.,,http://ratiotechnologies.com.tr
ODTU TEKNOKENT,,,Ankara,REO-TEK ELEKTRONİK YAZILIM TASARIM EĞİTİM SANAYİ VE TİCARET LİMİTED ŞİRKETİ,,http://www.reo-tek.com
ODTU TEKNOKENT,,,Ankara,Retina Data Teknoloji A.Ş.,,http://www.retinadata.com/
ODTU TEKNOKENT,,,Ankara,RHINOVATE BİLİŞİM TEKNOLOJİLERİ ANONİM ŞİRKETİ,,http://www.rhinovate.com.tr
ODTU TEKNOKENT,,,Ankara,RİTEKOM İLETİŞİM TEKNOLOJİLERİ SANAYİ TİCARET ANONİM ŞİRKETİ,,http://www.ritekom.com.tr
ODTU TEKNOKENT,,,Ankara,RKSOFT BİLİŞİM TEKNOLOJİLERİ A.Ş.,,http://www.mapcodex.com
ODTU TEKNOKENT,,,Ankara,Robimek Bilişim Teknolojileri A.Ş.,,http://www.robimek.com/
ODTU TEKNOKENT,,,Ankara,Robusta Yazilim Otomasyon Danismanlik San ve Tic A.S,,http://www.robusta.com.tr
ODTU TEKNOKENT,,,Ankara,ROTAMOPT BİLİŞİM TEKNOLOJİLERİ ANONİM ŞİRKETİ,,
ODTU TEKNOKENT,,,Ankara,SatModel Bilişim Teknolojileri Mühendislik Danışmanlık Anonim Şirketi,,http://www.satmodel.com
ODTU TEKNOKENT,,,Ankara,SDT UZAY VE SAVUNMA TEKNOLOJİLERİ AŞ.,,http://www.sdt.com.tr
ODTU TEKNOKENT,,,Ankara,SEBİT EĞİTİM VE BİLGİ TEKNOLOJİLERİ ANONİM ŞİRKETİ,,http://www.sebit.com.tr
ODTU TEKNOKENT,,,Ankara,Semtech Yazılım Teknolojileri A.Ş.,,http://www.examy.net
ODTU TEKNOKENT,,,Ankara,SFM YAZILIM TEKNOLOJİLERİ ANONİM ŞİRKETİ,,http://www.sfmyazilim.com
ODTU TEKNOKENT,,,Ankara,SIEMENS SANAYİ VE TİCARET ANONİM ŞİRKETİ -ODTÜ TEKNOKENT ŞUBESİ,,http://www.siemens.com.tr
ODTU TEKNOKENT,,,Ankara,SİGUN BİLGİ TEKNOLOJİLERİ VE DANIŞMANLIK AŞ.,,http://www.sigun.com.tr
ODTU TEKNOKENT,,,Ankara,SİMBT SİMÜLASYON BİLİM VE TEKNOLOJİLERİ MÜHENDİSLİK DANIŞMANLIK VE TİCARET LİMİTED ŞİRKETİ,,http://www.simbt.com.tr
ODTU TEKNOKENT,,,Ankara,SİMLAB EĞİTİM VE BİLİŞİM TEKNOLOJİLERİ TİCARET LİMİTED ŞİRKETİ,,http://www.simlab.com.tr
ODTU TEKNOKENT,,,Ankara,SİMSOFT BİLGİSAYAR TEKNOLOJİLERİ LİMİTED ŞİRKETİ,,http://www.simsoft.com.tr
ODTU TEKNOKENT,,,Ankara,Siu Dijital Prodüksiyon ve Teknoloji Anonim Şirketi,,http://www.siu.com.tr
ODTU TEKNOKENT,,,Ankara,SMART ALFA TEKNOLOJİ SANAYİ VE TİCARET ANONİM ŞİRKETİ,,http://www.smartalpha.ai
ODTU TEKNOKENT,,,Ankara,SNG BİLİŞİM YAZILIM DANIŞMANLIK VE PAZARLAMA DIŞ TİCARET LİMİTED ŞİRKETİ,,http://www.sngict.com
ODTU TEKNOKENT,,,Ankara,SOBE YAZILIM VE SIBER GÜVENLİK TEKNOLOJLERİ TİCARET ANONİM ŞİRKETİ,,http://
ODTU TEKNOKENT,,,Ankara,Software Kingdom Yazılım A.Ş,,http://
ODTU TEKNOKENT,,,Ankara,SOLAR SERENİTY SOSE ENERJİ TEKNOLOJİLERİ ARAŞTIRMA GELİŞTİRME DANIŞMANLIK EĞİTİM FAALİYETLERİ İTHALAT İHRACAT ÜRETİM SANAYİ VE TİCARET LİMİTED ŞİRKETİ,,http://www.serenitia.com
ODTU TEKNOKENT,,,Ankara,SPARK KALİBRASYON HİZMETLERİ ANONİM ŞİRKETİ,,http://www.sparkkalibrasyon.com.tr
ODTU TEKNOKENT,,,Ankara,SPARSE TECHNOLOGY BİLİŞİM YAZILIM SANAYİ VE TİCARET ANONİM ŞİRKETİ,,http://www.sparsetechnology.com
ODTU TEKNOKENT,,,Ankara,SPECSON ONLINE ANALİZ VE PROJE DENEY TASARIM LİMİTED ŞİRKETİ,,http://www.nanospecs.com
ODTU TEKNOKENT,,,Ankara,SRDC YAZILIM ARAŞTIRMA VE GELİŞTİRME VE DANIŞMANLIK TİCARET ANONİM ŞİRKETİ,,http://www.srdc.com.tr
ODTU TEKNOKENT,,,Ankara,SST MÜHENDİSLİK VE ÜRETİM HİZMETLERİ İTHALAT İHRACAT SANAYİ VE TİCARET LİMİTED ŞİRKETİ,,http://www.sst.com.tr
ODTU TEKNOKENT,,,Ankara,STC ELEKTRONİK SAĞLIK HİZMETLERİ SANAYİ VE TİCARET LİMİTED ŞİRKETİ,,http://www.stc.com.tr
ODTU TEKNOKENT,,,Ankara,Stilus Bilişim Çözümleri Anonim Şirketi,,http://www.stilus.com.tr
ODTU TEKNOKENT,,,Ankara,STOCKMOUNT TEKNOLOJİ ANONİM ŞİRKETİ,,http://www.stockmount.com
ODTU TEKNOKENT,,,Ankara,STRATEK STRATEJİK TEKNOLOJİLER ARAŞTIRMA VE GELİŞTİRME LİMİTED ŞİRKETİ,,http://www.stratek.com.tr
ODTU TEKNOKENT,,,Ankara,SUGENOMİK BİYOTEKNOLOJİ LİMİTED ŞİRKETİ,,http://sugenomik.com/
ODTU TEKNOKENT,,,Ankara,Synnada Yapay Zeka Teknolojileri Anonim Şirketi,,http://www.synnada.ai
ODTU TEKNOKENT,,,Ankara,TALEWORLDS ENTERTAİNMENT YAZILIM TEKNOLOJİLERİ ANONİM ŞİRKETİ,,http://www.taleworlds.com
ODTU TEKNOKENT,,,Ankara,Target Digital Bilgi Teknolojileri Ticaret Limited Şirketi,,http://www.target-energysolutions.com/
ODTU TEKNOKENT,,,Ankara,TARU MÜHENDİSLİK YAZILIM EĞİTİM ENERJİ DANIŞMANLIK SANAYİ VE TİCARET ANONİM ŞİRKETİ,,http://www.taru.com.tr
ODTU TEKNOKENT,,,Ankara,TAYYAR OTONOM VE ROBOTİK TEKNOLOJİ SİSTEMLERİ ANONİM ŞİRKETİ,,
ODTU TEKNOKENT,,,Ankara,TEKNİK DESTEK GRUBU BİLİMSEL ÖLÇME ARAŞTIRMA DANIŞMANLIK LTD.ŞTİ.,,http://www.tdg.com.tr
ODTU TEKNOKENT,,,Ankara,TEKNOKENT GİRİŞİM DESTEK VE YATIRIM A.Ş.,,http://growthcircuit.co/
ODTU TEKNOKENT,,,Ankara,TEKNOLUS ENERJİ EĞİTİM MÜHENDİSLİK BİLİŞİM DANIŞMANLIK İTHALAT İHRACAT SANAYİ VE TİCARET LİMİTED ŞİRKETİ,,http://www.teknolus.com
ODTU TEKNOKENT,,,Ankara,TEKSİS İLERİ TEKNOLOJİLER KİMYA İMALAT VE DIŞ TİCARET LİMİTED ŞİRKETİ,,http://www.tek-sis.com
ODTU TEKNOKENT,,,Ankara,THY Teknoloji ve Bilişim Anonim Şirketi,,http://
ODTU TEKNOKENT,,,Ankara,TİTRA TEKNOLOJİ ANONİM ŞİRKETİ,,http://titra.com.tr/
ODTU TEKNOKENT,,,Ankara,Tivicon Arge Yazılım Ltd Şti,,http://www.tivicon.com
ODTU TEKNOKENT,,,Ankara,Token Finansal Teknolojiler Anonim Şirketi,,http://
ODTU TEKNOKENT,,,Ankara,TR Eğitim ve Teknoloji A.Ş.,,http://tregitim.com.tr
ODTU TEKNOKENT,,,Ankara,TR Uçuşa Uygunluk Belgelendirme Hizmetleri Anonim Şirketi,,
ODTU TEKNOKENT,,,Ankara,TRANTEN ELEKTRONİK A.Ş.,,http://www.tranten.com.tr
ODTU TEKNOKENT,,,Ankara,Trueyogi Wellness Teknoloji Ticaret A.Ş.,,http://trueyogi.com
ODTU TEKNOKENT,,,Ankara,TUALCOM ELEKTRONİK A.Ş.,,http://www.tualcom.com.tr
ODTU TEKNOKENT,,,Ankara,TUSAŞ - TÜRK HAVACILIK VE UZAY SANAYİİ ANONİM ŞİRKETİ,,http://www.tai.com.tr
ODTU TEKNOKENT,,,Ankara,TÜPRAŞ,,http://www.tupras.com.tr
ODTU TEKNOKENT,,,Ankara,Türkiye Zeka Vakfı İktisadi İşletmesi,,http://www.tzv.org.tr/#/
ODTU TEKNOKENT,,,Ankara,Twenty Games Oyun Teknolojileri Tic. A.Ş.,,
ODTU TEKNOKENT,,,Ankara,Two Page Games Yazılım Oyun Teknolojileri Ticaret Anonim Şirketi,,http://twopagegames.com
ODTU TEKNOKENT,,,Ankara,TyX Teknoloji Yazılım Elektronik San. vs Tic. A.Ş.,,http://www.tyxtechnologies.com
ODTU TEKNOKENT,,,Ankara,UDEA ELEKTRONİK SANAYİ VE TİCARET ANONİM ŞİRKETİ,,http://www.udea.com.tr
ODTU TEKNOKENT,,,Ankara,UDO GAMES OYUN YAZILIM ANONİM ŞİRKETİ,,http://www.udogames.com
ODTU TEKNOKENT,,,Ankara,Ulepus Mühendislik Yazılım Araştırma Geliştirme Sanayi ve Ticaret Limited Şirketi,,http://www.ulepus.com
ODTU TEKNOKENT,,,Ankara,Ultramems Teknoloji Anonim Şirketi,,
ODTU TEKNOKENT,,,Ankara,UMG ELEKTRONİK CİHAZLAR İTHALAT İHRACAT TİCARET VE SANAYİ LİMİTED ŞİRKETİ,,http://www.umgelektronik.com
ODTU TEKNOKENT,,,Ankara,UMUT AYDIN-ORTANA SİSTEM KURULUM TAAHHÜT TİCARET,,http://yok
ODTU TEKNOKENT,,,Ankara,UNIONDOES TEKNOLOJİ ANONİM ŞİRKETİ,,http://www.uniondoes.com
ODTU TEKNOKENT,,,Ankara,Upily Araştırma ve Teknoloji Geliştirme A.Ş.,,http://upily.com
ODTU TEKNOKENT,,,Ankara,USTA BİLGİ SİSTEMLERİ ANONİM ŞİRKETİ,,http://www.usta.com.tr
ODTU TEKNOKENT,,,Ankara,UTRLAB AR-GE KULLANICI ARAŞTIRMALARI TASARIM DANIŞMANLIK LİMİTED ŞİRKETİ,,http://www.utrlab.com
ODTU TEKNOKENT,,,Ankara,ÜLKEM İNŞAAT MADENCİLİK VE ELEKTRONİK SANAYİ TİCARET ANONİM ŞİRKETİ,,http://www.ulkem.com.tr
ODTU TEKNOKENT,,,Ankara,V-COUNT TEKNOLOJİ ANONİM ŞİRKETİ,,http://www.v-count.com
ODTU TEKNOKENT,,,Ankara,Verata Mekatronik Mühendislik Sanayi ve Ticaret Limited Şirketi,,http://www.verata.com.tr
ODTU TEKNOKENT,,,Ankara,VERİM ATÖLYESİ EĞİTİM VE BİLİŞİM TEKNOLOJİLERİ ANONİM ŞİRKETİ,,http://www.verimatolyesi.com
ODTU TEKNOKENT,,,Ankara,VERİ-SİS VERİ VE İLETİŞİM SİSTEMLERİ SAN.VE TİC.AŞ,,http://www.verisis.com.tr
ODTU TEKNOKENT,,,Ankara,VİMESOFT BİLGİ TEKNOLOJİLERİ VE YAZILIM ANONİM ŞİRKETİ,,http://
ODTU TEKNOKENT,,,Ankara,VİSRATEK SAVUNMA BİLİŞİM SANAYİ VE TİCARET LİMİTED ŞİRKETİ,,http://www.visratek.com
ODTU TEKNOKENT,,,Ankara,Vivente Yazılım Anonim Şirketi,,http://viventesoft.com
ODTU TEKNOKENT,,,Ankara,VLMEDIA YAZILIM TANITIM BİLİŞİM DANIŞMANLIK İÇ VE DIŞ TİCARET ANONİM ŞİRKETİ,,http://vlmedia.com.tr/
ODTU TEKNOKENT,,,Ankara,WICODE Yazılım A.Ş.,,http://www.indiet.org
ODTU TEKNOKENT,,,Ankara,World of Poly Oyun Yazılım Teknolojileri Tic. Ltd. Şti.,,http://worldofpoly.com
ODTU TEKNOKENT,,,Ankara,YAZAR YAZILIM SANAYİ VE TİCARET LİMİTED ŞİRKETİ,,http://www.yazaryazilim.com.tr
ODTU TEKNOKENT,,,Ankara,YD YAZILIM VE TEKNOLOJİ ANONİM ŞİRKETİ,,http://www.ydyazilim.com
ODTU TEKNOKENT,,,Ankara,YEDİC MÜHENDİSLİK DANIŞMANLIK TİC. LTD. ŞTİ.,,http://www.yedic.co
ODTU TEKNOKENT,,,Ankara,YILDIRIM ELEKTRONİK TİCARET VE SANAYİ ANONİM ŞİRKETİ,,http://www.yildirimelektronik.com
ODTU TEKNOKENT,,,Ankara,Z Yazılım Ltd. Şti.,,http://cubicl.io
ODTU TEKNOKENT,,,Ankara,ZİBUMİ YAZILIM BİLİŞİM TASARIM ARGE SANAYİ TİCARET ANONİM ŞİRKETİ,,http://www.zibumi.com
